,year,month,topic,count,year_month
0,2007,11,Armed conflicts and attacks,1,2007-11
1,2010,6, culture and entertainment,6,2010-06
2,2010,6,Armed conflicts and attacks,8,2010-06
3,2010,6,Art,6,2010-06
4,2010,6,Business and economy,3,2010-06
5,2010,6,Current events,1,2010-06
6,2010,6,Disasters,8,2010-06
7,2010,6,Ecology,1,2010-06
8,2010,6,General News,1,2010-06
9,2010,6,International relations,8,2010-06
10,2010,6,Law and crime,8,2010-06
11,2010,6,News,1,2010-06
12,2010,6,Politics and Elections,1,2010-06
13,2010,6,Politics and elections,8,2010-06
14,2010,6,Religion,3,2010-06
15,2010,6,Science and technology,10,2010-06
16,2010,6,Sports,6,2010-06
17,2010,7, culture & entertainment,1,2010-07
18,2010,7, culture and entertainment,9,2010-07
19,2010,7, culture and society,1,2010-07
20,2010,7,Armed conflict and attacks,4,2010-07
21,2010,7,Armed conflicts & attacks,1,2010-07
22,2010,7,Armed conflicts and attacks,6,2010-07
23,2010,7,Armed conflicts and incidents,13,2010-07
24,2010,7,Arts,12,2010-07
25,2010,7,Arts and culture,5,2010-07
26,2010,7,Arts and entertainment,4,2010-07
27,2010,7,Business,1,2010-07
28,2010,7,Business & economics,1,2010-07
29,2010,7,Business and economics,9,2010-07
30,2010,7,Business and economy,5,2010-07
31,2010,7,Current Events,2,2010-07
32,2010,7,Current events,3,2010-07
33,2010,7,Deepwater Horizon oil spill,1,2010-07
34,2010,7,Disasters,16,2010-07
35,2010,7,Economics,1,2010-07
36,2010,7,Health,1,2010-07
37,2010,7,International Relations,1,2010-07
38,2010,7,International relations,10,2010-07
39,2010,7,Law,1,2010-07
40,2010,7,Law & crime,1,2010-07
41,2010,7,Law and crime,21,2010-07
42,2010,7,Law and politics,2,2010-07
43,2010,7,News,1,2010-07
44,2010,7,Other current events,1,2010-07
45,2010,7,Politics,12,2010-07
46,2010,7,Politics & elections,1,2010-07
47,2010,7,Politics and Elections,4,2010-07
48,2010,7,Politics and elections,11,2010-07
49,2010,7,Science and technology,13,2010-07
50,2010,7,Science and technology& Weather,1,2010-07
51,2010,7,Science and technology& weather,1,2010-07
52,2010,7,Science and technologyand environment,1,2010-07
53,2010,7,Science and technologyand weather,8,2010-07
54,2010,7,Sport,11,2010-07
55,2010,7,Sports,11,2010-07
56,2010,8, culture and entertainment,1,2010-08
57,2010,8, culture and society,1,2010-08
58,2010,8,Armed conflicts and attacks,2,2010-08
59,2010,8,Armed conflicts and incidents,2,2010-08
60,2010,8,Arts,2,2010-08
61,2010,8,Arts and culture,2,2010-08
62,2010,8,Business and economics,1,2010-08
63,2010,8,Business and economy,2,2010-08
64,2010,8,Disasters,3,2010-08
65,2010,8,Disasters and accidents,1,2010-08
66,2010,8,International relations,4,2010-08
67,2010,8,Law and crime,4,2010-08
68,2010,8,Politics,2,2010-08
69,2010,8,Politics and elections,2,2010-08
70,2010,8,Science and technology,3,2010-08
71,2010,8,Sport,2,2010-08
72,2010,8,Sports,2,2010-08
73,2011,11,Business and economy,1,2011-11
74,2011,11,Entertainment,1,2011-11
75,2011,11,Law and crime,1,2011-11
76,2012,8,Science and technology,1,2012-08
77,2013,6,Armed conflicts and attacks,1,2013-06
78,2013,6,Arts and culture,1,2013-06
79,2013,6,Business and economics,1,2013-06
80,2013,6,Disasters and accidents,1,2013-06
81,2013,6,Health and environment,1,2013-06
82,2013,6,International relations,1,2013-06
83,2013,6,Law and crime,1,2013-06
84,2013,6,Politics and elections,1,2013-06
85,2013,6,Sport,1,2013-06
86,2014,4,Armed conflicts and attacks,1,2014-04
87,2014,4,Business and economy,1,2014-04
88,2014,4,Disasters and accidents,1,2014-04
89,2014,4,Law and crime,1,2014-04
90,2014,4,Politics and elections,1,2014-04
91,2015,2,Armed conflicts and attacks,1,2015-02
92,2015,2,Law and crime,1,2015-02
93,2016,2,Armed conflicts and attacks,1,2016-02
94,2016,2,Arts and culture,1,2016-02
95,2016,2,Business and economy,1,2016-02
96,2016,2,Disasters and accidents,1,2016-02
97,2016,2,International relations,1,2016-02
98,2016,2,Law and crime,1,2016-02
99,2016,2,Politics and elections,1,2016-02
100,2018,4,Armed conflicts and attacks,2,2018-04
101,2018,4,Arts and culture,1,2018-04
102,2018,4,Business and economy,1,2018-04
103,2018,4,Disasters and accidents,2,2018-04
104,2018,4,Health and environment,1,2018-04
105,2018,4,International relations,2,2018-04
106,2018,4,Law and crime,2,2018-04
107,2018,4,Politics and elections,1,2018-04
108,2018,4,Science and technology,2,2018-04
109,2018,4,Sports,1,2018-04
110,2018,10,Armed conflicts and attacks,1,2018-10
111,2018,10,Arts and culture,1,2018-10
112,2018,10,Disasters and accidents,1,2018-10
113,2018,10,Law and crime,1,2018-10
114,2019,8,Armed conflicts and attacks,1,2019-08
115,2019,8,Disasters and accidents,1,2019-08
116,2019,8,Health and environment,1,2019-08
117,2019,8,Law and crime,1,2019-08
118,2019,8,Sports,1,2019-08
119,2020,6,Armed conflicts and attacks,3,2020-06
120,2020,6,Arts and culture,1,2020-06
121,2020,6,Business and economy,1,2020-06
122,2020,6,Disasters and accidents,2,2020-06
123,2020,6,Health and environment,3,2020-06
124,2020,6,International relations,1,2020-06
125,2020,6,Law and crime,1,2020-06
126,2020,6,Politics and elections,2,2020-06
127,2020,7,Armed conflicts and attacks,2,2020-07
128,2020,7,Arts and culture,2,2020-07
129,2020,7,Business and economy,1,2020-07
130,2020,7,Disasters and accidents,1,2020-07
131,2020,7,Health and environment,3,2020-07
132,2020,7,International relations,2,2020-07
133,2020,7,Law and crime,3,2020-07
134,2020,7,Politics and elections,2,2020-07
135,2020,7,Science and technology,1,2020-07
136,2020,7,Sports,3,2020-07
137,2020,11,Armed conflicts and attacks,14,2020-11
138,2020,11,Arts and culture,3,2020-11
139,2020,11,Business and economy,8,2020-11
140,2020,11,Disasters and accidents,2,2020-11
141,2020,11,Health and environment,15,2020-11
142,2020,11,International relations,11,2020-11
143,2020,11,Law and crime,13,2020-11
144,2020,11,Politics and elections,15,2020-11
145,2020,11,Science and technology,5,2020-11
146,2020,11,Sports,4,2020-11
147,2021,1,Armed conflicts and attacks,23,2021-01
148,2021,1,Arts and culture,8,2021-01
149,2021,1,Business and economy,13,2021-01
150,2021,1,Disasters and accidents,19,2021-01
151,2021,1,Health and environment,31,2021-01
152,2021,1,International relations,24,2021-01
153,2021,1,Law and crime,28,2021-01
154,2021,1,Politics and elections,25,2021-01
155,2021,1,Science and technology,11,2021-01
156,2021,1,Sports,10,2021-01
157,2021,2,Armed conflicts and attacks,28,2021-02
158,2021,2,Arts and culture,8,2021-02
159,2021,2,Business and economy,11,2021-02
160,2021,2,Disasters and accidents,18,2021-02
161,2021,2,Health and environment,28,2021-02
162,2021,2,International relations,22,2021-02
163,2021,2,Law and crime,26,2021-02
164,2021,2,Politics and elections,23,2021-02
165,2021,2,Science and technology,12,2021-02
166,2021,2,Sports,15,2021-02
167,2021,3,Armed conflicts and attacks,29,2021-03
168,2021,3,Arts and culture,9,2021-03
169,2021,3,Business and economy,13,2021-03
170,2021,3,Disasters and accidents,21,2021-03
171,2021,3,Health and environment,31,2021-03
172,2021,3,International relations,14,2021-03
173,2021,3,Law and crime,20,2021-03
174,2021,3,Politics and elections,25,2021-03
175,2021,3,Science and technology,3,2021-03
176,2021,3,Sports,5,2021-03
177,2021,4,Armed conflicts and attacks,28,2021-04
178,2021,4,Arts and culture,13,2021-04
179,2021,4,Business and economy,11,2021-04
180,2021,4,Disasters and accidents,21,2021-04
181,2021,4,Health and environment,30,2021-04
182,2021,4,International relations,20,2021-04
183,2021,4,Law and crime,30,2021-04
184,2021,4,Politics and elections,19,2021-04
185,2021,4,Science and technology,6,2021-04
186,2021,4,Sports,13,2021-04
187,2021,5,Armed conflicts and attacks,27,2021-05
188,2021,5,Arts and culture,10,2021-05
189,2021,5,Business and economy,11,2021-05
190,2021,5,Disasters and accidents,20,2021-05
191,2021,5,Health and environment,31,2021-05
192,2021,5,International relations,24,2021-05
193,2021,5,Law and crime,29,2021-05
194,2021,5,Politics and elections,28,2021-05
195,2021,5,Science and technology,10,2021-05
196,2021,5,Sports,19,2021-05
197,2021,6,Armed conflicts and attacks,24,2021-06
198,2021,6,Arts and culture,8,2021-06
199,2021,6,Business and economy,13,2021-06
200,2021,6,Disasters and accidents,19,2021-06
201,2021,6,Health and environment,30,2021-06
202,2021,6,International relations,21,2021-06
203,2021,6,Law and crime,29,2021-06
204,2021,6,Politics and elections,23,2021-06
205,2021,6,Science and technology,12,2021-06
206,2021,6,Sports,14,2021-06
207,2021,7,Armed conflicts and attacks,31,2021-07
208,2021,7,Arts and culture,7,2021-07
209,2021,7,Business and economy,8,2021-07
210,2021,7,Disasters and accidents,24,2021-07
211,2021,7,Health and environment,31,2021-07
212,2021,7,International relations,20,2021-07
213,2021,7,Law and crime,27,2021-07
214,2021,7,Politics and elections,24,2021-07
215,2021,7,Science and technology,8,2021-07
216,2021,7,Sports,18,2021-07
217,2021,8,Armed conflicts and attacks,31,2021-08
218,2021,8,Arts and culture,4,2021-08
219,2021,8,Business and economy,4,2021-08
220,2021,8,Disasters and accidents,25,2021-08
221,2021,8,Health and environment,31,2021-08
222,2021,8,International relations,17,2021-08
223,2021,8,Law and crime,24,2021-08
224,2021,8,Politics and elections,24,2021-08
225,2021,8,Science and technology,10,2021-08
226,2021,8,Sports,12,2021-08
227,2021,8,Wrestling News,1,2021-08
228,2021,9,Armed conflicts and attacks,30,2021-09
229,2021,9,Arts and culture,10,2021-09
230,2021,9,Business and economy,17,2021-09
231,2021,9,Disasters and accidents,20,2021-09
232,2021,9,Health and environment,30,2021-09
233,2021,9,International relations,27,2021-09
234,2021,9,Law and crime,26,2021-09
235,2021,9,Politics and elections,23,2021-09
236,2021,9,Religion and politics,3,2021-09
237,2021,9,Science and technology,7,2021-09
238,2021,9,Sports,12,2021-09
239,2021,10,Armed conflicts and attacks,30,2021-10
240,2021,10,Arts and culture,10,2021-10
241,2021,10,Business and economy,18,2021-10
242,2021,10,Disasters and accidents,22,2021-10
243,2021,10,Health and environment,31,2021-10
244,2021,10,International relations,25,2021-10
245,2021,10,Law and crime,27,2021-10
246,2021,10,Politics and elections,21,2021-10
247,2021,10,Science and technology,11,2021-10
248,2021,10,Sports,11,2021-10
249,2021,11,Armed conflicts and attacks,25,2021-11
250,2021,11,Arts and culture,2,2021-11
251,2021,11,Business and economy,13,2021-11
252,2021,11,Disasters and accidents,22,2021-11
253,2021,11,Health and environment,30,2021-11
254,2021,11,International relations,19,2021-11
255,2021,11,Law and crime,20,2021-11
256,2021,11,Politics and elections,23,2021-11
257,2021,11,Science and technology,3,2021-11
258,2021,11,Sports,6,2021-11
259,2022,1,Armed conflicts and attacks,27,2022-01
260,2022,1,Arts and culture,6,2022-01
261,2022,1,Business and economy,7,2022-01
262,2022,1,Disasters and accidents,25,2022-01
263,2022,1,Health and environment,31,2022-01
264,2022,1,International relations,14,2022-01
265,2022,1,Law and crime,16,2022-01
266,2022,1,Politics and elections,13,2022-01
267,2022,1,Science and technology,7,2022-01
268,2022,1,Sports,7,2022-01
269,2022,2,Armed conflicts and attacks,27,2022-02
270,2022,2,Arts and culture,4,2022-02
271,2022,2,Business and economy,10,2022-02
272,2022,2,Disasters and accidents,13,2022-02
273,2022,2,Health and environment,26,2022-02
274,2022,2,International relations,16,2022-02
275,2022,2,Law and crime,20,2022-02
276,2022,2,Politics and elections,17,2022-02
277,2022,2,Science and technology,7,2022-02
278,2022,2,Sports,17,2022-02
279,2022,3,Armed conflicts and attacks,31,2022-03
280,2022,3,Arts and culture,6,2022-03
281,2022,3,Business and economy,23,2022-03
282,2022,3,Disasters and accidents,24,2022-03
283,2022,3,Health and environment,30,2022-03
284,2022,3,International relations,30,2022-03
285,2022,3,Law and crime,28,2022-03
286,2022,3,Politics and elections,21,2022-03
287,2022,3,Science and technology,17,2022-03
288,2022,3,Sports,11,2022-03
289,2022,4,Armed conflicts and attacks,30,2022-04
290,2022,4,Arts and culture,3,2022-04
291,2022,4,Business and economy,15,2022-04
292,2022,4,Disasters and accidents,23,2022-04
293,2022,4,Health and environment,22,2022-04
294,2022,4,International relations,23,2022-04
295,2022,4,Law and crime,24,2022-04
296,2022,4,Politics and elections,15,2022-04
297,2022,4,Science and technology,9,2022-04
298,2022,4,Sports,11,2022-04
299,2022,5,Armed conflicts and attacks,31,2022-05
300,2022,5,Arts and culture,4,2022-05
301,2022,5,Business and economy,23,2022-05
302,2022,5,Disasters and accidents,27,2022-05
303,2022,5,Health and environment,22,2022-05
304,2022,5,International relations,20,2022-05
305,2022,5,Law and crime,20,2022-05
306,2022,5,Politics and elections,19,2022-05
307,2022,5,Science and technology,5,2022-05
308,2022,5,Sports,14,2022-05
309,2022,6,Armed conflicts and attacks,28,2022-06
310,2022,6,Arts and culture,6,2022-06
311,2022,6,Business and economy,17,2022-06
312,2022,6,Disasters and accidents,25,2022-06
313,2022,6,Health and environment,23,2022-06
314,2022,6,International relations,24,2022-06
315,2022,6,Law and crime,25,2022-06
316,2022,6,Politics and elections,22,2022-06
317,2022,6,Science and technology,9,2022-06
318,2022,6,Sports,16,2022-06
319,2022,7,Armed conflicts and attacks,28,2022-07
320,2022,7,Arts and culture,3,2022-07
321,2022,7,Business and economy,22,2022-07
322,2022,7,Disasters and accidents,31,2022-07
323,2022,7,Health and environment,27,2022-07
324,2022,7,International relations,16,2022-07
325,2022,7,Law and crime,30,2022-07
326,2022,7,Politics and elections,22,2022-07
327,2022,7,Science and technology,8,2022-07
328,2022,7,Sports,7,2022-07
329,2022,8,Armed conflicts and attacks,30,2022-08
330,2022,8,Arts and culture,1,2022-08
331,2022,8,Business and economy,14,2022-08
332,2022,8,Disasters and accidents,24,2022-08
333,2022,8,Health and environment,18,2022-08
334,2022,8,International relations,17,2022-08
335,2022,8,Law and crime,26,2022-08
336,2022,8,Politics and elections,19,2022-08
337,2022,8,Science and technology,2,2022-08
338,2022,8,Sports,5,2022-08
339,2022,9,Armed conflicts and attacks,30,2022-09
340,2022,9,Arts,1,2022-09
341,2022,9,Arts and culture,5,2022-09
342,2022,9,Business and economy,12,2022-09
343,2022,9,Disasters and accidents,27,2022-09
344,2022,9,Health and environment,13,2022-09
345,2022,9,International relations,8,2022-09
346,2022,9,Law and crime,21,2022-09
347,2022,9,Politics and elections,26,2022-09
348,2022,9,Science and technology,6,2022-09
349,2022,9,Sports,5,2022-09
350,2022,10,Armed conflicts and attacks,30,2022-10
351,2022,10,Arts and culture,6,2022-10
352,2022,10,Business and economy,11,2022-10
353,2022,10,Disasters and accidents,28,2022-10
354,2022,10,Health and environment,13,2022-10
355,2022,10,International relations,13,2022-10
356,2022,10,Law and crime,26,2022-10
357,2022,10,Politics and elections,22,2022-10
358,2022,10,Science and technology,6,2022-10
359,2022,10,Sports,11,2022-10
360,2022,11,Armed conflicts and attacks,25,2022-11
361,2022,11,Arts and culture,2,2022-11
362,2022,11,Business and economy,11,2022-11
363,2022,11,Disasters and accidents,24,2022-11
364,2022,11,Health and environment,7,2022-11
365,2022,11,International relations,16,2022-11
366,2022,11,Law and crime,22,2022-11
367,2022,11,Politics and elections,14,2022-11
368,2022,11,Science and technology,6,2022-11
369,2022,11,Sports,16,2022-11
370,2022,11,Technological development,1,2022-11
371,2023,1,Armed conflicts and attacks,31,2023-01
372,2023,1,Arts and culture,4,2023-01
373,2023,1,Business and economy,14,2023-01
374,2023,1,Disasters and accidents,24,2023-01
375,2023,1,Health and environment,12,2023-01
376,2023,1,International relations,13,2023-01
377,2023,1,Law and crime,25,2023-01
378,2023,1,Politics and elections,23,2023-01
379,2023,1,Science and technology,7,2023-01
380,2023,1,Sports,10,2023-01
381,2023,2,Armed conflicts and attacks,20,2023-02
382,2023,2,Arts and culture,5,2023-02
383,2023,2,Business and economy,8,2023-02
384,2023,2,Disasters and accidents,25,2023-02
385,2023,2,Health and environment,9,2023-02
386,2023,2,International relations,16,2023-02
387,2023,2,Law and crime,20,2023-02
388,2023,2,Politics and elections,18,2023-02
389,2023,2,Science and technology,8,2023-02
390,2023,2,Sports,7,2023-02
391,2023,3,Armed conflicts and attacks,27,2023-03
392,2023,3,Arts and culture,4,2023-03
393,2023,3,Business and economy,6,2023-03
394,2023,3,Disasters and accidents,29,2023-03
395,2023,3,Health and environment,7,2023-03
396,2023,3,International relations,14,2023-03
397,2023,3,Law and crime,23,2023-03
398,2023,3,Politics and elections,17,2023-03
399,2023,3,Science and technology,12,2023-03
400,2023,3,Sports,5,2023-03
401,2023,4,Armed conflicts and attacks,29,2023-04
402,2023,4,Arts and culture,3,2023-04
403,2023,4,Business and economy,14,2023-04
404,2023,4,Disasters and accidents,24,2023-04
405,2023,4,Health and environment,8,2023-04
406,2023,4,International relations,17,2023-04
407,2023,4,Law and crime,22,2023-04
408,2023,4,Politics and elections,18,2023-04
409,2023,4,Science and technology,11,2023-04
410,2023,4,Sports,9,2023-04
411,2023,5,Armed conflicts and attacks,29,2023-05
412,2023,5,Arts and culture,3,2023-05
413,2023,5,Business and economy,12,2023-05
414,2023,5,Disasters and accidents,26,2023-05
415,2023,5,Health and environment,7,2023-05
416,2023,5,International relations,17,2023-05
417,2023,5,Law and crime,25,2023-05
418,2023,5,Other,1,2023-05
419,2023,5,Politics and elections,17,2023-05
420,2023,5,Royalty,1,2023-05
421,2023,5,Science and technology,8,2023-05
422,2023,5,Sports,6,2023-05
423,2023,6,Armed conflicts and attacks,28,2023-06
424,2023,6,Arts and culture,7,2023-06
425,2023,6,Business and economy,12,2023-06
426,2023,6,Disasters and accidents,28,2023-06
427,2023,6,Health and environment,10,2023-06
428,2023,6,International relations,15,2023-06
429,2023,6,Law and crime,25,2023-06
430,2023,6,Politics and economics,1,2023-06
431,2023,6,Politics and elections,15,2023-06
432,2023,6,Science and technology,8,2023-06
433,2023,6,Sports,11,2023-06
434,2023,7,Armed conflicts and attacks,31,2023-07
435,2023,7,Arts and culture,11,2023-07
436,2023,7,Business and economy,15,2023-07
437,2023,7,Disasters and accidents,26,2023-07
438,2023,7,Health and environment,16,2023-07
439,2023,7,International relations,27,2023-07
440,2023,7,Law and crime,31,2023-07
441,2023,7,Politics and elections,20,2023-07
442,2023,7,Science and technology,7,2023-07
443,2023,7,Sports,18,2023-07
444,2023,8, Law and crime,2,2023-08
445,2023,8, Politics and elections,1,2023-08
446,2023,8,Armed conflicts and attacks,31,2023-08
447,2023,8,Arts and culture,7,2023-08
448,2023,8,Business and economy,16,2023-08
449,2023,8,Disasters and accidents,32,2023-08
450,2023,8,Health and environment,12,2023-08
451,2023,8,International relations,14,2023-08
452,2023,8,Law and crime,28,2023-08
453,2023,8,Politics and elections,21,2023-08
454,2023,8,Science and technology,10,2023-08
455,2023,8,Sports,19,2023-08
456,2023,9, Arts and culture,1,2023-09
457,2023,9, Business and economy,4,2023-09
458,2023,9, Law and crime,5,2023-09
459,2023,9, Politics and elections,3,2023-09
460,2023,9, Politics and elections ,1,2023-09
461,2023,9,Armed conflicts and attacks,29,2023-09
462,2023,9,Arts and culture,3,2023-09
463,2023,9,Business and economy,11,2023-09
464,2023,9,Disasters and accidents,27,2023-09
465,2023,9,Health and environment,4,2023-09
466,2023,9,International relations,20,2023-09
467,2023,9,Law and crime,19,2023-09
468,2023,9,Politics and elections,7,2023-09
469,2023,9,Science and technology,8,2023-09
470,2023,9,Sports,6,2023-09
471,2023,9,Video games,1,2023-09
472,2023,10,Armed conflicts and attacks,29,2023-10
473,2023,10,Art and culture,1,2023-10
474,2023,10,Arts and culture,3,2023-10
475,2023,10,Business and economy,9,2023-10
476,2023,10,Disasters and accidents,22,2023-10
477,2023,10,Health and environment,5,2023-10
478,2023,10,Holidays not aligned to the Gregorian Calendar,1,2023-10
479,2023,10,International relations,20,2023-10
480,2023,10,Law and crime,27,2023-10
481,2023,10,Natural disasters,1,2023-10
482,2023,10,Politics and elections,27,2023-10
483,2023,10,Science and technology,9,2023-10
484,2023,10,Sports,14,2023-10
485,2023,11,Armed conflicts and attacks,30,2023-11
486,2023,11,Arts and culture,8,2023-11
487,2023,11,Business and economy,13,2023-11
488,2023,11,Disasters and accidents,24,2023-11
489,2023,11,Health and environment,11,2023-11
490,2023,11,International relations,25,2023-11
491,2023,11,Law and crime,24,2023-11
492,2023,11,Politics and elections,21,2023-11
493,2023,11,Science and technology,12,2023-11
494,2023,11,Sports,13,2023-11
495,2024,1,Armed conflicts and attacks,29,2024-01
496,2024,1,Arts and culture,7,2024-01
497,2024,1,Business and economy,6,2024-01
498,2024,1,Disasters and accidents,23,2024-01
499,2024,1,Health and environment,3,2024-01
500,2024,1,International relations,10,2024-01
501,2024,1,Law and crime,26,2024-01
502,2024,1,Politics and elections,22,2024-01
503,2024,1,Science and technology,5,2024-01
504,2024,1,Sports,6,2024-01
505,2024,2,Armed conflicts and attacks,29,2024-02
506,2024,2,Arts and culture,2,2024-02
507,2024,2,Business and economy,5,2024-02
508,2024,2,Disasters and accidents,24,2024-02
509,2024,2,International relations,7,2024-02
510,2024,2,Law and crime,21,2024-02
511,2024,2,Politics and elections,19,2024-02
512,2024,2,Science and technology,6,2024-02
513,2024,2,Sports,8,2024-02
514,2024,3,Armed conflicts and attacks,30,2024-03
515,2024,3,Arts and culture,2,2024-03
516,2024,3,Business and economy,4,2024-03
517,2024,3,Disasters and accidents,23,2024-03
518,2024,3,Entertainment,1,2024-03
519,2024,3,Health and environment,2,2024-03
520,2024,3,International relations,14,2024-03
521,2024,3,Law and crime,25,2024-03
522,2024,3,Politics and elections,29,2024-03
523,2024,3,Science and technology,4,2024-03
524,2024,3,Sports,2,2024-03
525,2024,4,Armed conflicts and attacks,29,2024-04
526,2024,4,Arts and culture,4,2024-04
527,2024,4,Business and economy,14,2024-04
528,2024,4,Disasters and accidents,27,2024-04
529,2024,4,Health and environment,3,2024-04
530,2024,4,International relations,17,2024-04
531,2024,4,Law and crime,22,2024-04
532,2024,4,Politics and elections,22,2024-04
533,2024,4,Pop Culture,1,2024-04
534,2024,4,Science and technology,7,2024-04
535,2024,4,Sports,8,2024-04
536,2024,5,Armed conflicts and attacks,31,2024-05
537,2024,5,Arts and culture,9,2024-05
538,2024,5,Business and economy,9,2024-05
539,2024,5,Disasters and accidents,29,2024-05
540,2024,5,Health and environment,5,2024-05
541,2024,5,International relations,20,2024-05
542,2024,5,Law and crime,24,2024-05
543,2024,5,Politics and elections,29,2024-05
544,2024,5,Science and technology,10,2024-05
545,2024,5,Sports,12,2024-05
546,2024,6,Armed conflicts and attacks,29,2024-06
547,2024,6,Arts and culture,5,2024-06
548,2024,6,Business and economy,9,2024-06
549,2024,6,Disasters and accidents,29,2024-06
550,2024,6,Health and environment,7,2024-06
551,2024,6,International relations,18,2024-06
552,2024,6,Law and crime,28,2024-06
553,2024,6,Politics and elections,28,2024-06
554,2024,6,Science and technology,9,2024-06
555,2024,6,Sports,14,2024-06
556,2024,7,Armed conflicts and attacks,31,2024-07
557,2024,7,Arts and culture,5,2024-07
558,2024,7,Business and economy,13,2024-07
559,2024,7,Disasters and accidents,30,2024-07
560,2024,7,Health and environment,9,2024-07
561,2024,7,International relations,27,2024-07
562,2024,7,Law and crime,28,2024-07
563,2024,7,Politics and elections,24,2024-07
564,2024,7,Science and technology,8,2024-07
565,2024,7,Sports,15,2024-07
566,2024,8,Armed conflicts and attacks,31,2024-08
567,2024,8,Arts and culture,6,2024-08
568,2024,8,Business and economy,12,2024-08
569,2024,8,Disasters and accidents,30,2024-08
570,2024,8,Health and environment,15,2024-08
571,2024,8,International relations,18,2024-08
572,2024,8,Law and crime,27,2024-08
573,2024,8,Politics and elections,24,2024-08
574,2024,8,Science and technology,8,2024-08
575,2024,8,Sports,17,2024-08
576,2024,9,Armed conflicts and attacks,30,2024-09
577,2024,9,Arts and culture,6,2024-09
578,2024,9,Business and economy,8,2024-09
579,2024,9,Disasters and accidents,28,2024-09
580,2024,9,Health and environment,7,2024-09
581,2024,9,International relations,17,2024-09
582,2024,9,Law and crime,29,2024-09
583,2024,9,Politics and elections,21,2024-09
584,2024,9,Science and technology,9,2024-09
585,2024,9,Sports,12,2024-09
586,2024,10,Armed conflicts and attacks,31,2024-10
587,2024,10,Arts and culture,5,2024-10
588,2024,10,Business and economy,7,2024-10
589,2024,10,Disasters and accidents,27,2024-10
590,2024,10,Health and environment,9,2024-10
591,2024,10,International relations,14,2024-10
592,2024,10,Law and crime,22,2024-10
593,2024,10,Politics and elections,19,2024-10
594,2024,10,Science and technology,11,2024-10
595,2024,10,Sports,9,2024-10
596,2024,11,Armed conflicts and attacks,30,2024-11
597,2024,11,Arts and culture,6,2024-11
598,2024,11,Business and economy,12,2024-11
599,2024,11,Disasters and accidents,27,2024-11
600,2024,11,Health and environment,7,2024-11
601,2024,11,International relations,16,2024-11
602,2024,11,Law and crime,25,2024-11
603,2024,11,Politics and elections,27,2024-11
604,2024,11,Science and technology,7,2024-11
605,2024,11,Sports,7,2024-11
606,2025,1,Armed conflicts and attacks,30,2025-01
607,2025,1,Arts and culture,3,2025-01
608,2025,1,Business and economy,16,2025-01
609,2025,1,Disasters and accidents,29,2025-01
610,2025,1,Health and environment,10,2025-01
611,2025,1,International relations,23,2025-01
612,2025,1,Law and crime,29,2025-01
613,2025,1,Politics and elections,30,2025-01
614,2025,1,Science and technology,10,2025-01
615,2025,1,Sports,8,2025-01
616,2025,2,Armed conflicts and attacks,28,2025-02
617,2025,2,Arts and culture,10,2025-02
618,2025,2,Business and economy,15,2025-02
619,2025,2,Disasters and accidents,25,2025-02
620,2025,2,Health and environment,6,2025-02
621,2025,2,International relations,26,2025-02
622,2025,2,Law and crime,23,2025-02
623,2025,2,Politics and elections,23,2025-02
624,2025,2,Science and technology,11,2025-02
625,2025,2,Sports,6,2025-02
626,2025,3,Armed conflicts and attacks,31,2025-03
627,2025,3,Arts and culture,3,2025-03
628,2025,3,Business and economy,17,2025-03
629,2025,3,Disasters and accidents,26,2025-03
630,2025,3,Health and environment,3,2025-03
631,2025,3,International relations,25,2025-03
632,2025,3,Law and crime,26,2025-03
633,2025,3,Politics and elections,24,2025-03
634,2025,3,Science and technology,11,2025-03
635,2025,3,Sports,6,2025-03
636,2025,4,Armed conflicts and attacks,30,2025-04
637,2025,4,Arts and culture,6,2025-04
638,2025,4,Business and economy,17,2025-04
639,2025,4,Disaster and accidents,1,2025-04
640,2025,4,Disasters and accidents,28,2025-04
641,2025,4,Health and environment,9,2025-04
642,2025,4,International relations,17,2025-04
643,2025,4,Law and crime,26,2025-04
644,2025,4,Politics and elections,15,2025-04
645,2025,4,Science and technology,6,2025-04
646,2025,4,Sports,10,2025-04
647,2025,5,Armed conflicts and attacks,29,2025-05
648,2025,5,Arts and culture,7,2025-05
649,2025,5,Business and economy,11,2025-05
650,2025,5,Disasters and accidents,31,2025-05
651,2025,5,Health and environment,6,2025-05
652,2025,5,International relations,20,2025-05
653,2025,5,Law and crime,28,2025-05
654,2025,5,Politics and elections,28,2025-05
655,2025,5,Science and technology,3,2025-05
656,2025,5,Sports,16,2025-05
657,2025,6,Armed conflicts and attacks,30,2025-06
658,2025,6,Arts and culture,6,2025-06
659,2025,6,Business and economy,8,2025-06
660,2025,6,Disasters and accidents,26,2025-06
661,2025,6,Health and environment,3,2025-06
662,2025,6,International relations,17,2025-06
663,2025,6,Law and crime,24,2025-06
664,2025,6,Politics and elections,17,2025-06
665,2025,6,Science and technology,6,2025-06
666,2025,6,Sports,10,2025-06
667,2025,7,Armed conflicts and attacks,30,2025-07
668,2025,7,Arts and culture,4,2025-07
669,2025,7,Business and economy,5,2025-07
670,2025,7,Disasters and accidents,28,2025-07
671,2025,7,Health and environment,2,2025-07
672,2025,7,International relations,21,2025-07
673,2025,7,Law and crime,27,2025-07
674,2025,7,Politics and elections,16,2025-07
675,2025,7,Science and technology,5,2025-07
676,2025,7,Sports,7,2025-07
677,2025,8,Armed conflicts and attacks,29,2025-08
678,2025,8,Arts and culture,4,2025-08
679,2025,8,Business and economy,9,2025-08
680,2025,8,Disasters and accidents,30,2025-08
681,2025,8,Health and environment,9,2025-08
682,2025,8,International relations,21,2025-08
683,2025,8,Law and crime,30,2025-08
684,2025,8,Politics and elections,21,2025-08
685,2025,8,Science and technology,4,2025-08
686,2025,8,Sports,5,2025-08
687,2025,9,Armed conflicts and attacks,30,2025-09
688,2025,9,Arts and culture,13,2025-09
689,2025,9,Business and economy,14,2025-09
690,2025,9,Disasters and accidents,28,2025-09
691,2025,9,Health and environment,10,2025-09
692,2025,9,International relations,25,2025-09
693,2025,9,Law and crime,29,2025-09
694,2025,9,Politics and elections,28,2025-09
695,2025,9,Science and technology,10,2025-09
696,2025,9,Sports,12,2025-09
697,2025,10,Armed conflicts and attacks,6,2025-10
698,2025,10,Arts and culture,2,2025-10
699,2025,10,Business and economy,1,2025-10
700,2025,10,Disasters and accidents,6,2025-10
701,2025,10,International relations,4,2025-10
702,2025,10,Law and crime,5,2025-10
703,2025,10,Politics and elections,6,2025-10
704,2025,10,Science and technology,3,2025-10
705,2025,10,Sports,3,2025-10
